CO2_emissions,distance,engine_efficiency,fuel_consumption
8913.090600000001,127.64313333333334,82.1383,3229.1709333333333
7187.83125,86.59308823529413,83.41955882352941,2619.4354901960783
4577.636574074074,111.30533950617284,82.44466049382716,1666.1336728395063
29795.437377450977,266.76220588235293,82.18301470588234,10780.408676470588
